Metric,Source,sum_sq,df,F,PR(>F),Eta-squared (η²)
sepal length (cm),C(species),63.212133333333846,2.0,119.26450218450559,1.6696691907688074e-31,0.618705730738489
sepal length (cm),Residual,38.95620000000001,147.0,,,
sepal width (cm),C(species),11.344933333333252,2.0,49.16004008961171,4.4920171333100393e-17,0.4007828470763329
sepal width (cm),Residual,16.962000000000003,147.0,,,
petal length (cm),C(species),437.10280000000074,2.0,1180.161182252983,2.8567766109612015e-91,0.941371719057368
petal length (cm),Residual,27.2226,147.0,,,
petal width (cm),C(species),80.41333333333344,2.0,960.0071468018076,4.169445839443552e-85,0.928882930101213
petal width (cm),Residual,6.156599999999998,147.0,,,
